User ID,Product ID
0,0
0,7
0,10
0,458806286
0,18
0,21
0,23
0,24
0,38
0,41
1,0
1,7
1,10
1,458806286
1,18
1,21
1,23
1,24
1,38
1,41
2,0
2,7
2,10
2,458806286
2,18
2,21
2,23
2,24
2,38
2,41
3,0
3,7
3,10
3,458806286
3,18
3,21
3,23
3,24
3,38
3,41
4,0
4,7
4,10
4,458806286
4,18
4,21
4,23
4,24
4,38
4,41
5,0
5,7
5,10
5,458806286
5,18
5,21
5,23
5,24
5,38
5,41
6,0
6,7
6,10
6,458806286
6,18
6,21
6,23
6,24
6,38
6,41
7,0
7,7
7,10
7,458806286
7,18
7,21
7,23
7,24
7,38
7,41
8,0
8,7
8,10
8,458806286
8,18
8,21
8,23
8,24
8,38
8,41
9,0
9,7
9,10
9,458806286
9,18
9,21
9,23
9,24
9,38
9,41
10,0
10,7
10,10
10,458806286
10,18
10,21
10,23
10,24
10,38
10,41
11,0
11,7
11,10
11,458806286
11,18
11,21
11,23
11,24
11,38
11,41
12,0
12,7
12,10
12,458806286
12,18
12,21
12,23
12,24
12,38
12,41
13,0
13,7
13,10
13,458806286
13,18
13,21
13,23
13,24
13,38
13,41
14,0
14,7
14,10
14,458806286
14,18
14,21
14,23
14,24
14,38
14,41
15,0
15,7
15,10
15,458806286
15,18
15,21
15,23
15,24
15,38
15,41
16,0
16,7
16,10
16,458806286
16,18
16,21
16,23
16,24
16,38
16,41
17,0
17,7
17,10
17,458806286
17,18
17,21
17,23
17,24
17,38
17,41
18,0
18,7
18,10
18,458806286
18,18
18,21
18,23
18,24
18,38
18,41
19,0
19,7
19,10
19,458806286
19,18
19,21
19,23
19,24
19,38
19,41
20,0
20,7
20,10
20,458806286
20,18
20,21
20,23
20,24
20,38
20,41
21,0
21,7
21,10
21,458806286
21,18
21,21
21,23
21,24
21,38
21,41
22,0
22,7
22,10
22,458806286
22,18
22,21
22,23
22,24
22,38
22,41
23,0
23,7
23,10
23,458806286
23,18
23,21
23,23
23,24
23,38
23,41
24,0
24,7
24,10
24,458806286
24,18
24,21
24,23
24,24
24,38
24,41
25,0
25,7
25,10
25,458806286
25,18
25,21
25,23
25,24
25,38
25,41
26,0
26,7
26,10
26,458806286
26,18
26,21
26,23
26,24
26,38
26,41
27,0
27,7
27,10
27,458806286
27,18
27,21
27,23
27,24
27,38
27,41
28,0
28,7
28,10
28,458806286
28,18
28,21
28,23
28,24
28,38
28,41
29,0
29,7
29,10
29,458806286
29,18
29,21
29,23
29,24
29,38
29,41
30,0
30,7
30,10
30,458806286
30,18
30,21
30,23
30,24
30,38
30,41
31,0
31,7
31,10
31,458806286
31,18
31,21
31,23
31,24
31,38
31,41
32,0
32,7
32,10
32,458806286
32,18
32,21
32,23
32,24
32,38
32,41
33,0
33,7
33,10
33,458806286
33,18
33,21
33,23
33,24
33,38
33,41
34,0
34,7
34,10
34,458806286
34,18
34,21
34,23
34,24
34,38
34,41
35,0
35,7
35,10
35,458806286
35,18
35,21
35,23
35,24
35,38
35,41
37,0
37,7
37,10
37,458806286
37,18
37,21
37,23
37,24
37,38
37,41
39,0
39,7
39,10
39,458806286
39,18
39,21
39,23
39,24
39,38
39,41
40,0
40,7
40,10
40,458806286
40,18
40,21
40,23
40,24
40,38
40,41
41,0
41,7
41,10
41,458806286
41,18
41,21
41,23
41,24
41,38
41,41
42,0
42,7
42,10
42,458806286
42,18
42,21
42,23
42,24
42,38
42,41
43,0
43,7
43,10
43,458806286
43,18
43,21
43,23
43,24
43,38
43,41
44,0
44,7
44,10
44,458806286
44,18
44,21
44,23
44,24
44,38
44,41
45,0
45,7
45,10
45,458806286
45,18
45,21
45,23
45,24
45,38
45,41
46,0
46,7
46,10
46,458806286
46,18
46,21
46,23
46,24
46,38
46,41
47,0
47,7
47,10
47,458806286
47,18
47,21
47,23
47,24
47,38
47,41
48,0
48,7
48,10
48,458806286
48,18
48,21
48,23
48,24
48,38
48,41
49,0
49,7
49,10
49,458806286
49,18
49,21
49,23
49,24
49,38
49,41
50,0
50,7
50,10
50,458806286
50,18
50,21
50,23
50,24
50,38
50,41
51,0
51,7
51,10
51,458806286
51,18
51,21
51,23
51,24
51,38
51,41
52,0
52,7
52,10
52,458806286
52,18
52,21
52,23
52,24
52,38
52,41
53,0
53,7
53,10
53,458806286
53,18
53,21
53,23
53,24
53,38
53,41
54,0
54,7
54,10
54,458806286
54,18
54,21
54,23
54,24
54,38
54,41
55,0
55,7
55,10
55,458806286
55,18
55,21
55,23
55,24
55,38
55,41
56,0
56,7
56,10
56,458806286
56,18
56,21
56,23
56,24
56,38
56,41
57,0
57,7
57,10
57,458806286
57,18
57,21
57,23
57,24
57,38
57,41
58,0
58,7
58,10
58,458806286
58,18
58,21
58,23
58,24
58,38
58,41
59,0
59,7
59,10
59,458806286
59,18
59,21
59,23
59,24
59,38
59,41
60,0
60,7
60,10
60,458806286
60,18
60,21
60,23
60,24
60,38
60,41
61,0
61,7
61,10
61,458806286
61,18
61,21
61,23
61,24
61,38
61,41
62,0
62,7
62,10
62,458806286
62,18
62,21
62,23
62,24
62,38
62,41
63,0
63,7
63,10
63,458806286
63,18
63,21
63,23
63,24
63,38
63,41
64,0
64,7
64,10
64,458806286
64,18
64,21
64,23
64,24
64,38
64,41
65,0
65,7
65,10
65,458806286
65,18
65,21
65,23
65,24
65,38
65,41
66,0
66,7
66,10
66,458806286
66,18
66,21
66,23
66,24
66,38
66,41
67,0
67,7
67,10
67,458806286
67,18
67,21
67,23
67,24
67,38
67,41
68,0
68,7
68,10
68,458806286
68,18
68,21
68,23
68,24
68,38
68,41
69,0
69,7
69,10
69,458806286
69,18
69,21
69,23
69,24
69,38
69,41
70,0
70,7
70,10
70,458806286
70,18
70,21
70,23
70,24
70,38
70,41
71,0
71,7
71,10
71,458806286
71,18
71,21
71,23
71,24
71,38
71,41
72,0
72,7
72,10
72,458806286
72,18
72,21
72,23
72,24
72,38
72,41
73,0
73,7
73,10
73,458806286
73,18
73,21
73,23
73,24
73,38
73,41
74,0
74,7
74,10
74,458806286
74,18
74,21
74,23
74,24
74,38
74,41
75,0
75,7
75,10
75,458806286
75,18
75,21
75,23
75,24
75,38
75,41
76,0
76,7
76,10
76,458806286
76,18
76,21
76,23
76,24
76,38
76,41
77,0
77,7
77,10
77,458806286
77,18
77,21
77,23
77,24
77,38
77,41
78,0
78,7
78,10
78,458806286
78,18
78,21
78,23
78,24
78,38
78,41
79,0
79,7
79,10
79,458806286
79,18
79,21
79,23
79,24
79,38
79,41
80,0
80,7
80,10
80,458806286
80,18
80,21
80,23
80,24
80,38
80,41
81,0
81,7
81,10
81,458806286
81,18
81,21
81,23
81,24
81,38
81,41
82,0
82,7
82,10
82,458806286
82,18
82,21
82,23
82,24
82,38
82,41
83,0
83,7
83,10
83,458806286
83,18
83,21
83,23
83,24
83,38
83,41
84,0
84,7
84,10
84,458806286
84,18
84,21
84,23
84,24
84,38
84,41
85,0
85,7
85,10
85,458806286
85,18
85,21
85,23
85,24
85,38
85,41
86,0
86,7
86,10
86,458806286
86,18
86,21
86,23
86,24
86,38
86,41
87,0
87,7
87,10
87,458806286
87,18
87,21
87,23
87,24
87,38
87,41
88,0
88,7
88,10
88,458806286
88,18
88,21
88,23
88,24
88,38
88,41
89,0
89,7
89,10
89,458806286
89,18
89,21
89,23
89,24
89,38
89,41
90,0
90,7
90,10
90,458806286
90,18
90,21
90,23
90,24
90,38
90,41
91,0
91,7
91,10
91,458806286
91,18
91,21
91,23
91,24
91,38
91,41
92,0
92,7
92,10
92,458806286
92,18
92,21
92,23
92,24
92,38
92,41
93,0
93,7
93,10
93,458806286
93,18
93,21
93,23
93,24
93,38
93,41
94,0
94,7
94,10
94,458806286
94,18
94,21
94,23
94,24
94,38
94,41
95,0
95,7
95,10
95,458806286
95,18
95,21
95,23
95,24
95,38
95,41
96,0
96,7
96,10
96,458806286
96,18
96,21
96,23
96,24
96,38
96,41
97,0
97,7
97,10
97,458806286
97,18
97,21
97,23
97,24
97,38
97,41
98,0
98,7
98,10
98,458806286
98,18
98,21
98,23
98,24
98,38
98,41
99,0
99,7
99,10
99,458806286
99,18
99,21
99,23
99,24
99,38
99,41
100,0
100,7
100,10
100,458806286
100,18
100,21
100,23
100,24
100,38
100,41
101,0
101,7
101,10
101,458806286
101,18
101,21
101,23
101,24
101,38
101,41
102,0
102,7
102,10
102,458806286
102,18
102,21
102,23
102,24
102,38
102,41
103,0
103,7
103,10
103,458806286
103,18
103,21
103,23
103,24
103,38
103,41
104,0
104,7
104,10
104,458806286
104,18
104,21
104,23
104,24
104,38
104,41
105,0
105,7
105,10
105,458806286
105,18
105,21
105,23
105,24
105,38
105,41
106,0
106,7
106,10
106,458806286
106,18
106,21
106,23
106,24
106,38
106,41
107,0
107,7
107,10
107,458806286
107,18
107,21
107,23
107,24
107,38
107,41
108,0
108,7
108,10
108,458806286
108,18
108,21
108,23
108,24
108,38
108,41
109,0
109,7
109,10
109,458806286
109,18
109,21
109,23
109,24
109,38
109,41
111,0
111,7
111,10
111,458806286
111,18
111,21
111,23
111,24
111,38
111,41
112,0
112,7
112,10
112,458806286
112,18
112,21
112,23
112,24
112,38
112,41
113,0
113,7
113,10
113,458806286
113,18
113,21
113,23
113,24
113,38
113,41
114,0
114,7
114,10
114,458806286
114,18
114,21
114,23
114,24
114,38
114,41
115,0
115,7
115,10
115,458806286
115,18
115,21
115,23
115,24
115,38
115,41
116,0
116,7
116,10
116,458806286
116,18
116,21
116,23
116,24
116,38
116,41
117,0
117,7
117,10
117,458806286
117,18
117,21
117,23
117,24
117,38
117,41
118,0
118,7
118,10
118,458806286
118,18
118,21
118,23
118,24
118,38
118,41
119,0
119,7
119,10
119,458806286
119,18
119,21
119,23
119,24
119,38
119,41
120,0
120,7
120,10
120,458806286
120,18
120,21
120,23
120,24
120,38
120,41
121,0
121,7
121,10
121,458806286
121,18
121,21
121,23
121,24
121,38
121,41
122,0
122,7
122,10
122,458806286
122,18
122,21
122,23
122,24
122,38
122,41
123,0
123,7
123,10
123,458806286
123,18
123,21
123,23
123,24
123,38
123,41
124,0
124,7
124,10
124,458806286
124,18
124,21
124,23
124,24
124,38
124,41
125,0
125,7
125,10
125,458806286
125,18
125,21
125,23
125,24
125,38
125,41
126,0
126,7
126,10
126,458806286
126,18
126,21
126,23
126,24
126,38
126,41
127,0
127,7
127,10
127,458806286
127,18
127,21
127,23
127,24
127,38
127,41
128,0
128,7
128,10
128,458806286
128,18
128,21
128,23
128,24
128,38
128,41
129,0
129,7
129,10
129,458806286
129,18
129,21
129,23
129,24
129,38
129,41
130,0
130,7
130,10
130,458806286
130,18
130,21
130,23
130,24
130,38
130,41
131,0
131,7
131,10
131,458806286
131,18
131,21
131,23
131,24
131,38
131,41
132,0
132,7
132,10
132,458806286
132,18
132,21
132,23
132,24
132,38
132,41
133,0
133,7
133,10
133,458806286
133,18
133,21
133,23
133,24
133,38
133,41
134,0
134,7
134,10
134,458806286
134,18
134,21
134,23
134,24
134,38
134,41
135,0
135,7
135,10
135,458806286
135,18
135,21
135,23
135,24
135,38
135,41
136,0
136,7
136,10
136,458806286
136,18
136,21
136,23
136,24
136,38
136,41
137,0
137,7
137,10
137,458806286
137,18
137,21
137,23
137,24
137,38
137,41
138,0
138,7
138,10
138,458806286
138,18
138,21
138,23
138,24
138,38
138,41
139,0
139,7
139,10
139,458806286
139,18
139,21
139,23
139,24
139,38
139,41
140,0
140,7
140,10
140,458806286
140,18
140,21
140,23
140,24
140,38
140,41
141,0
141,7
141,10
141,458806286
141,18
141,21
141,23
141,24
141,38
141,41
142,0
142,7
142,10
142,458806286
142,18
142,21
142,23
142,24
142,38
142,41
143,0
143,7
143,10
143,458806286
143,18
143,21
143,23
143,24
143,38
143,41
144,0
144,7
144,10
144,458806286
144,18
144,21
144,23
144,24
144,38
144,41
146,0
146,7
146,10
146,458806286
146,18
146,21
146,23
146,24
146,38
146,41
147,0
147,7
147,10
147,458806286
147,18
147,21
147,23
147,24
147,38
147,41
148,0
148,7
148,10
148,458806286
148,18
148,21
148,23
148,24
148,38
148,41
149,0
149,7
149,10
149,458806286
149,18
149,21
149,23
149,24
149,38
149,41
150,0
150,7
150,10
150,458806286
150,18
150,21
150,23
150,24
150,38
150,41
151,0
151,7
151,10
151,458806286
151,18
151,21
151,23
151,24
151,38
151,41
152,0
152,7
152,10
152,458806286
152,18
152,21
152,23
152,24
152,38
152,41
153,0
153,7
153,10
153,458806286
153,18
153,21
153,23
153,24
153,38
153,41
154,0
154,7
154,10
154,458806286
154,18
154,21
154,23
154,24
154,38
154,41
155,0
155,7
155,10
155,458806286
155,18
155,21
155,23
155,24
155,38
155,41
156,0
156,7
156,10
156,458806286
156,18
156,21
156,23
156,24
156,38
156,41
157,0
157,7
157,10
157,458806286
157,18
157,21
157,23
157,24
157,38
157,41
158,0
158,7
158,10
158,458806286
158,18
158,21
158,23
158,24
158,38
158,41
159,0
159,7
159,10
159,458806286
159,18
159,21
159,23
159,24
159,38
159,41
160,0
160,7
160,10
160,458806286
160,18
160,21
160,23
160,24
160,38
160,41
161,0
161,7
161,10
161,458806286
161,18
161,21
161,23
161,24
161,38
161,41
162,0
162,7
162,10
162,458806286
162,18
162,21
162,23
162,24
162,38
162,41
163,0
163,7
163,10
163,458806286
163,18
163,21
163,23
163,24
163,38
163,41
164,0
164,7
164,10
164,458806286
164,18
164,21
164,23
164,24
164,38
164,41
165,0
165,7
165,10
165,458806286
165,18
165,21
165,23
165,24
165,38
165,41
166,0
166,7
166,10
166,458806286
166,18
166,21
166,23
166,24
166,38
166,41
167,0
167,7
167,10
167,458806286
167,18
167,21
167,23
167,24
167,38
167,41
168,0
168,7
168,10
168,458806286
168,18
168,21
168,23
168,24
168,38
168,41
169,0
169,7
169,10
169,458806286
169,18
169,21
169,23
169,24
169,38
169,41
170,0
170,7
170,10
170,458806286
170,18
170,21
170,23
170,24
170,38
170,41
171,0
171,7
171,10
171,458806286
171,18
171,21
171,23
171,24
171,38
171,41
172,0
172,7
172,10
172,458806286
172,18
172,21
172,23
172,24
172,38
172,41
173,0
173,7
173,10
173,458806286
173,18
173,21
173,23
173,24
173,38
173,41
174,0
174,7
174,10
174,458806286
174,18
174,21
174,23
174,24
174,38
174,41
175,0
175,7
175,10
175,458806286
175,18
175,21
175,23
175,24
175,38
175,41
176,0
176,7
176,10
176,458806286
176,18
176,21
176,23
176,24
176,38
176,41
177,0
177,7
177,10
177,458806286
177,18
177,21
177,23
177,24
177,38
177,41
178,0
178,7
178,10
178,458806286
178,18
178,21
178,23
178,24
178,38
178,41
179,0
179,7
179,10
179,458806286
179,18
179,21
179,23
179,24
179,38
179,41
180,0
180,7
180,10
180,458806286
180,18
180,21
180,23
180,24
180,38
180,41
181,0
181,7
181,10
181,458806286
181,18
181,21
181,23
181,24
181,38
181,41
182,0
182,7
182,10
182,458806286
182,18
182,21
182,23
182,24
182,38
182,41
183,0
183,7
183,10
183,458806286
183,18
183,21
183,23
183,24
183,38
183,41
184,0
184,7
184,10
184,458806286
184,18
184,21
184,23
184,24
184,38
184,41
185,0
185,7
185,10
185,458806286
185,18
185,21
185,23
185,24
185,38
185,41
186,0
186,7
186,10
186,458806286
186,18
186,21
186,23
186,24
186,38
186,41
187,0
187,7
187,10
187,458806286
187,18
187,21
187,23
187,24
187,38
187,41
188,0
188,7
188,10
188,458806286
188,18
188,21
188,23
188,24
188,38
188,41
189,0
189,7
189,10
189,458806286
189,18
189,21
189,23
189,24
189,38
189,41
190,0
190,7
190,10
190,458806286
190,18
190,21
190,23
190,24
190,38
190,41
191,0
191,7
191,10
191,458806286
191,18
191,21
191,23
191,24
191,38
191,41
192,0
192,7
192,10
192,458806286
192,18
192,21
192,23
192,24
192,38
192,41
193,0
193,7
193,10
193,458806286
193,18
193,21
193,23
193,24
193,38
193,41
194,0
194,7
194,10
194,458806286
194,18
194,21
194,23
194,24
194,38
194,41
195,0
195,7
195,10
195,458806286
195,18
195,21
195,23
195,24
195,38
195,41
196,0
196,7
196,10
196,458806286
196,18
196,21
196,23
196,24
196,38
196,41
197,0
197,7
197,10
197,458806286
197,18
197,21
197,23
197,24
197,38
197,41
198,0
198,7
198,10
198,458806286
198,18
198,21
198,23
198,24
198,38
198,41
199,0
199,7
199,10
199,458806286
199,18
199,21
199,23
199,24
199,38
199,41
200,0
200,7
200,10
200,458806286
200,18
200,21
200,23
200,24
200,38
200,41
201,0
201,7
201,10
201,458806286
201,18
201,21
201,23
201,24
201,38
201,41
202,0
202,7
202,10
202,458806286
202,18
202,21
202,23
202,24
202,38
202,41
203,0
203,7
203,10
203,458806286
203,18
203,21
203,23
203,24
203,38
203,41
204,0
204,7
204,10
204,458806286
204,18
204,21
204,23
204,24
204,38
204,41
205,0
205,7
205,10
205,458806286
205,18
205,21
205,23
205,24
205,38
205,41
206,0
206,7
206,10
206,458806286
206,18
206,21
206,23
206,24
206,38
206,41
207,0
207,7
207,10
207,458806286
207,18
207,21
207,23
207,24
207,38
207,41
208,0
208,7
208,10
208,458806286
208,18
208,21
208,23
208,24
208,38
208,41
209,0
209,7
209,10
209,458806286
209,18
209,21
209,23
209,24
209,38
209,41
210,0
210,7
210,10
210,458806286
210,18
210,21
210,23
210,24
210,38
210,41
211,0
211,7
211,10
211,458806286
211,18
211,21
211,23
211,24
211,38
211,41
212,0
212,7
212,10
212,458806286
212,18
212,21
212,23
212,24
212,38
212,41
213,0
213,7
213,10
213,458806286
213,18
213,21
213,23
213,24
213,38
213,41
214,0
214,7
214,10
214,458806286
214,18
214,21
214,23
214,24
214,38
214,41
215,0
215,7
215,10
215,458806286
215,18
215,21
215,23
215,24
215,38
215,41
216,0
216,7
216,10
216,458806286
216,18
216,21
216,23
216,24
216,38
216,41
218,0
218,7
218,10
218,458806286
218,18
218,21
218,23
218,24
218,38
218,41
219,0
219,7
219,10
219,458806286
219,18
219,21
219,23
219,24
219,38
219,41
220,0
220,7
220,10
220,458806286
220,18
220,21
220,23
220,24
220,38
220,41
221,0
221,7
221,10
221,458806286
221,18
221,21
221,23
221,24
221,38
221,41
222,0
222,7
222,10
222,458806286
222,18
222,21
222,23
222,24
222,38
222,41
223,0
223,7
223,10
223,458806286
223,18
223,21
223,23
223,24
223,38
223,41
224,0
224,7
224,10
224,458806286
224,18
224,21
224,23
224,24
224,38
224,41
225,0
225,7
225,10
225,458806286
225,18
225,21
225,23
225,24
225,38
225,41
226,0
226,7
226,10
226,458806286
226,18
226,21
226,23
226,24
226,38
226,41
227,0
227,7
227,10
227,458806286
227,18
227,21
227,23
227,24
227,38
227,41
228,0
228,7
228,10
228,458806286
228,18
228,21
228,23
228,24
228,38
228,41
229,0
229,7
229,10
229,458806286
229,18
229,21
229,23
229,24
229,38
229,41
230,0
230,7
230,10
230,458806286
230,18
230,21
230,23
230,24
230,38
230,41
231,0
231,7
231,10
231,458806286
231,18
231,21
231,23
231,24
231,38
231,41
232,0
232,7
232,10
232,458806286
232,18
232,21
232,23
232,24
232,38
232,41
233,0
233,7
233,10
233,458806286
233,18
233,21
233,23
233,24
233,38
233,41
234,0
234,7
234,10
234,458806286
234,18
234,21
234,23
234,24
234,38
234,41
235,0
235,7
235,10
235,458806286
235,18
235,21
235,23
235,24
235,38
235,41
236,0
236,7
236,10
236,458806286
236,18
236,21
236,23
236,24
236,38
236,41
237,0
237,7
237,10
237,458806286
237,18
237,21
237,23
237,24
237,38
237,41
238,0
238,7
238,10
238,458806286
238,18
238,21
238,23
238,24
238,38
238,41
239,0
239,7
239,10
239,458806286
239,18
239,21
239,23
239,24
239,38
239,41
240,0
240,7
240,10
240,458806286
240,18
240,21
240,23
240,24
240,38
240,41
241,0
241,7
241,10
241,458806286
241,18
241,21
241,23
241,24
241,38
241,41
242,0
242,7
242,10
242,458806286
242,18
242,21
242,23
242,24
242,38
242,41
243,0
243,7
243,10
243,458806286
243,18
243,21
243,23
243,24
243,38
243,41
244,0
244,7
244,10
244,458806286
244,18
244,21
244,23
244,24
244,38
244,41
245,0
245,7
245,10
245,458806286
245,18
245,21
245,23
245,24
245,38
245,41
246,0
246,7
246,10
246,458806286
246,18
246,21
246,23
246,24
246,38
246,41
247,0
247,7
247,10
247,458806286
247,18
247,21
247,23
247,24
247,38
247,41
248,0
248,7
248,10
248,458806286
248,18
248,21
248,23
248,24
248,38
248,41
249,0
249,7
249,10
249,458806286
249,18
249,21
249,23
249,24
249,38
249,41
250,0
250,7
250,10
250,458806286
250,18
250,21
250,23
250,24
250,38
250,41
251,0
251,7
251,10
251,458806286
251,18
251,21
251,23
251,24
251,38
251,41
252,0
252,7
252,10
252,458806286
252,18
252,21
252,23
252,24
252,38
252,41
253,0
253,7
253,10
253,458806286
253,18
253,21
253,23
253,24
253,38
253,41
254,0
254,7
254,10
254,458806286
254,18
254,21
254,23
254,24
254,38
254,41
255,0
255,7
255,10
255,458806286
255,18
255,21
255,23
255,24
255,38
255,41
256,0
256,7
256,10
256,458806286
256,18
256,21
256,23
256,24
256,38
256,41
257,0
257,7
257,10
257,458806286
257,18
257,21
257,23
257,24
257,38
257,41
258,0
258,7
258,10
258,458806286
258,18
258,21
258,23
258,24
258,38
258,41
259,0
259,7
259,10
259,458806286
259,18
259,21
259,23
259,24
259,38
259,41
260,0
260,7
260,10
260,458806286
260,18
260,21
260,23
260,24
260,38
260,41
261,0
261,7
261,10
261,458806286
261,18
261,21
261,23
261,24
261,38
261,41
262,0
262,7
262,10
262,458806286
262,18
262,21
262,23
262,24
262,38
262,41
263,0
263,7
263,10
263,458806286
263,18
263,21
263,23
263,24
263,38
263,41
264,0
264,7
264,10
264,458806286
264,18
264,21
264,23
264,24
264,38
264,41
265,0
265,7
265,10
265,458806286
265,18
265,21
265,23
265,24
265,38
265,41
266,0
266,7
266,10
266,458806286
266,18
266,21
266,23
266,24
266,38
266,41
267,0
267,7
267,10
267,458806286
267,18
267,21
267,23
267,24
267,38
267,41
268,0
268,7
268,10
268,458806286
268,18
268,21
268,23
268,24
268,38
268,41
269,0
269,7
269,10
269,458806286
269,18
269,21
269,23
269,24
269,38
269,41
270,0
270,7
270,10
270,458806286
270,18
270,21
270,23
270,24
270,38
270,41
271,0
271,7
271,10
271,458806286
271,18
271,21
271,23
271,24
271,38
271,41
272,0
272,7
272,10
272,458806286
272,18
272,21
272,23
272,24
272,38
272,41
273,0
273,7
273,10
273,458806286
273,18
273,21
273,23
273,24
273,38
273,41
274,0
274,7
274,10
274,458806286
274,18
274,21
274,23
274,24
274,38
274,41
275,0
275,7
275,10
275,458806286
275,18
275,21
275,23
275,24
275,38
275,41
276,0
276,7
276,10
276,458806286
276,18
276,21
276,23
276,24
276,38
276,41
277,0
277,7
277,10
277,458806286
277,18
277,21
277,23
277,24
277,38
277,41
278,0
278,7
278,10
278,458806286
278,18
278,21
278,23
278,24
278,38
278,41
279,0
279,7
279,10
279,458806286
279,18
279,21
279,23
279,24
279,38
279,41
280,0
280,7
280,10
280,458806286
280,18
280,21
280,23
280,24
280,38
280,41
281,0
281,7
281,10
281,458806286
281,18
281,21
281,23
281,24
281,38
281,41
282,0
282,7
282,10
282,458806286
282,18
282,21
282,23
282,24
282,38
282,41
283,0
283,7
283,10
283,458806286
283,18
283,21
283,23
283,24
283,38
283,41
284,0
284,7
284,10
284,458806286
284,18
284,21
284,23
284,24
284,38
284,41
285,0
285,7
285,10
285,458806286
285,18
285,21
285,23
285,24
285,38
285,41
286,0
286,7
286,10
286,458806286
286,18
286,21
286,23
286,24
286,38
286,41
287,0
287,7
287,10
287,458806286
287,18
287,21
287,23
287,24
287,38
287,41
288,0
288,7
288,10
288,458806286
288,18
288,21
288,23
288,24
288,38
288,41
289,0
289,7
289,10
289,458806286
289,18
289,21
289,23
289,24
289,38
289,41
290,0
290,7
290,10
290,458806286
290,18
290,21
290,23
290,24
290,38
290,41
291,0
291,7
291,10
291,458806286
291,18
291,21
291,23
291,24
291,38
291,41
292,0
292,7
292,10
292,458806286
292,18
292,21
292,23
292,24
292,38
292,41
293,0
293,7
293,10
293,458806286
293,18
293,21
293,23
293,24
293,38
293,41
294,0
294,7
294,10
294,458806286
294,18
294,21
294,23
294,24
294,38
294,41
295,0
295,7
295,10
295,458806286
295,18
295,21
295,23
295,24
295,38
295,41
296,0
296,7
296,10
296,458806286
296,18
296,21
296,23
296,24
296,38
296,41
297,0
297,7
297,10
297,458806286
297,18
297,21
297,23
297,24
297,38
297,41
298,0
298,7
298,10
298,458806286
298,18
298,21
298,23
298,24
298,38
298,41
299,0
299,7
299,10
299,458806286
299,18
299,21
299,23
299,24
299,38
299,41
300,0
300,7
300,10
300,458806286
300,18
300,21
300,23
300,24
300,38
300,41
301,0
301,7
301,10
301,458806286
301,18
301,21
301,23
301,24
301,38
301,41
302,0
302,7
302,10
302,458806286
302,18
302,21
302,23
302,24
302,38
302,41
303,0
303,7
303,10
303,458806286
303,18
303,21
303,23
303,24
303,38
303,41
304,0
304,7
304,10
304,458806286
304,18
304,21
304,23
304,24
304,38
304,41
305,0
305,7
305,10
305,458806286
305,18
305,21
305,23
305,24
305,38
305,41
306,0
306,7
306,10
306,458806286
306,18
306,21
306,23
306,24
306,38
306,41
307,0
307,7
307,10
307,458806286
307,18
307,21
307,23
307,24
307,38
307,41
308,0
308,7
308,10
308,458806286
308,18
308,21
308,23
308,24
308,38
308,41
309,0
309,7
309,10
309,458806286
309,18
309,21
309,23
309,24
309,38
309,41
310,0
310,7
310,10
310,458806286
310,18
310,21
310,23
310,24
310,38
310,41
311,0
311,7
311,10
311,458806286
311,18
311,21
311,23
311,24
311,38
311,41
312,0
312,7
312,10
312,458806286
312,18
312,21
312,23
312,24
312,38
312,41
313,0
313,7
313,10
313,458806286
313,18
313,21
313,23
313,24
313,38
313,41
314,0
314,7
314,10
314,458806286
314,18
314,21
314,23
314,24
314,38
314,41
315,0
315,7
315,10
315,458806286
315,18
315,21
315,23
315,24
315,38
315,41
316,0
316,7
316,10
316,458806286
316,18
316,21
316,23
316,24
316,38
316,41
317,0
317,7
317,10
317,458806286
317,18
317,21
317,23
317,24
317,38
317,41
318,0
318,7
318,10
318,458806286
318,18
318,21
318,23
318,24
318,38
318,41
319,0
319,7
319,10
319,458806286
319,18
319,21
319,23
319,24
319,38
319,41
320,0
320,7
320,10
320,458806286
320,18
320,21
320,23
320,24
320,38
320,41
321,0
321,7
321,10
321,458806286
321,18
321,21
321,23
321,24
321,38
321,41
322,0
322,7
322,10
322,458806286
322,18
322,21
322,23
322,24
322,38
322,41
323,0
323,7
323,10
323,458806286
323,18
323,21
323,23
323,24
323,38
323,41
324,0
324,7
324,10
324,458806286
324,18
324,21
324,23
324,24
324,38
324,41
325,0
325,7
325,10
325,458806286
325,18
325,21
325,23
325,24
325,38
325,41
326,0
326,7
326,10
326,458806286
326,18
326,21
326,23
326,24
326,38
326,41
327,0
327,7
327,10
327,458806286
327,18
327,21
327,23
327,24
327,38
327,41
328,0
328,7
328,10
328,458806286
328,18
328,21
328,23
328,24
328,38
328,41
329,0
329,7
329,10
329,458806286
329,18
329,21
329,23
329,24
329,38
329,41
330,0
330,7
330,10
330,458806286
330,18
330,21
330,23
330,24
330,38
330,41
331,0
331,7
331,10
331,458806286
331,18
331,21
331,23
331,24
331,38
331,41
332,0
332,7
332,10
332,458806286
332,18
332,21
332,23
332,24
332,38
332,41
333,0
333,7
333,10
333,458806286
333,18
333,21
333,23
333,24
333,38
333,41
334,0
334,7
334,10
334,458806286
334,18
334,21
334,23
334,24
334,38
334,41
335,0
335,7
335,10
335,458806286
335,18
335,21
335,23
335,24
335,38
335,41
336,0
336,7
336,10
336,458806286
336,18
336,21
336,23
336,24
336,38
336,41
337,0
337,7
337,10
337,458806286
337,18
337,21
337,23
337,24
337,38
337,41
338,0
338,7
338,10
338,458806286
338,18
338,21
338,23
338,24
338,38
338,41
339,0
339,7
339,10
339,458806286
339,18
339,21
339,23
339,24
339,38
339,41
340,0
340,7
340,10
340,458806286
340,18
340,21
340,23
340,24
340,38
340,41
341,0
341,7
341,10
341,458806286
341,18
341,21
341,23
341,24
341,38
341,41
342,0
342,7
342,10
342,458806286
342,18
342,21
342,23
342,24
342,38
342,41
343,0
343,7
343,10
343,458806286
343,18
343,21
343,23
343,24
343,38
343,41
344,0
344,7
344,10
344,458806286
344,18
344,21
344,23
344,24
344,38
344,41
345,0
345,7
345,10
345,458806286
345,18
345,21
345,23
345,24
345,38
345,41
346,0
346,7
346,10
346,458806286
346,18
346,21
346,23
346,24
346,38
346,41
347,0
347,7
347,10
347,458806286
347,18
347,21
347,23
347,24
347,38
347,41
348,0
348,7
348,10
348,458806286
348,18
348,21
348,23
348,24
348,38
348,41
349,0
349,7
349,10
349,458806286
349,18
349,21
349,23
349,24
349,38
349,41
350,0
350,7
350,10
350,458806286
350,18
350,21
350,23
350,24
350,38
350,41
351,0
351,7
351,10
351,458806286
351,18
351,21
351,23
351,24
351,38
351,41
352,0
352,7
352,10
352,458806286
352,18
352,21
352,23
352,24
352,38
352,41
353,0
353,7
353,10
353,458806286
353,18
353,21
353,23
353,24
353,38
353,41
354,0
354,7
354,10
354,458806286
354,18
354,21
354,23
354,24
354,38
354,41
355,0
355,7
355,10
355,458806286
355,18
355,21
355,23
355,24
355,38
355,41
357,0
357,7
357,10
357,458806286
357,18
357,21
357,23
357,24
357,38
357,41
358,0
358,7
358,10
358,458806286
358,18
358,21
358,23
358,24
358,38
358,41
359,0
359,7
359,10
359,458806286
359,18
359,21
359,23
359,24
359,38
359,41
360,0
360,7
360,10
360,458806286
360,18
360,21
360,23
360,24
360,38
360,41
361,0
361,7
361,10
361,458806286
361,18
361,21
361,23
361,24
361,38
361,41
362,0
362,7
362,10
362,458806286
362,18
362,21
362,23
362,24
362,38
362,41
363,0
363,7
363,10
363,458806286
363,18
363,21
363,23
363,24
363,38
363,41
364,0
364,7
364,10
364,458806286
364,18
364,21
364,23
364,24
364,38
364,41
365,0
365,7
365,10
365,458806286
365,18
365,21
365,23
365,24
365,38
365,41
366,0
366,7
366,10
366,458806286
366,18
366,21
366,23
366,24
366,38
366,41
367,0
367,7
367,10
367,458806286
367,18
367,21
367,23
367,24
367,38
367,41
368,0
368,7
368,10
368,458806286
368,18
368,21
368,23
368,24
368,38
368,41
369,0
369,7
369,10
369,458806286
369,18
369,21
369,23
369,24
369,38
369,41
370,0
370,7
370,10
370,458806286
370,18
370,21
370,23
370,24
370,38
370,41
371,0
371,7
371,10
371,458806286
371,18
371,21
371,23
371,24
371,38
371,41
372,0
372,7
372,10
372,458806286
372,18
372,21
372,23
372,24
372,38
372,41
373,0
373,7
373,10
373,458806286
373,18
373,21
373,23
373,24
373,38
373,41
374,0
374,7
374,10
374,458806286
374,18
374,21
374,23
374,24
374,38
374,41
375,0
375,7
375,10
375,458806286
375,18
375,21
375,23
375,24
375,38
375,41
376,0
376,7
376,10
376,458806286
376,18
376,21
376,23
376,24
376,38
376,41
377,0
377,7
377,10
377,458806286
377,18
377,21
377,23
377,24
377,38
377,41
378,0
378,7
378,10
378,458806286
378,18
378,21
378,23
378,24
378,38
378,41
379,0
379,7
379,10
379,458806286
379,18
379,21
379,23
379,24
379,38
379,41
380,0
380,7
380,10
380,458806286
380,18
380,21
380,23
380,24
380,38
380,41
381,0
381,7
381,10
381,458806286
381,18
381,21
381,23
381,24
381,38
381,41
382,0
382,7
382,10
382,458806286
382,18
382,21
382,23
382,24
382,38
382,41
383,0
383,7
383,10
383,458806286
383,18
383,21
383,23
383,24
383,38
383,41
384,0
384,7
384,10
384,458806286
384,18
384,21
384,23
384,24
384,38
384,41
385,0
385,7
385,10
385,458806286
385,18
385,21
385,23
385,24
385,38
385,41
386,0
386,7
386,10
386,458806286
386,18
386,21
386,23
386,24
386,38
386,41
387,0
387,7
387,10
387,458806286
387,18
387,21
387,23
387,24
387,38
387,41
388,0
388,7
388,10
388,458806286
388,18
388,21
388,23
388,24
388,38
388,41
389,0
389,7
389,10
389,458806286
389,18
389,21
389,23
389,24
389,38
389,41
390,0
390,7
390,10
390,458806286
390,18
390,21
390,23
390,24
390,38
390,41
391,0
391,7
391,10
391,458806286
391,18
391,21
391,23
391,24
391,38
391,41
392,0
392,7
392,10
392,458806286
392,18
392,21
392,23
392,24
392,38
392,41
393,0
393,7
393,10
393,458806286
393,18
393,21
393,23
393,24
393,38
393,41
394,0
394,7
394,10
394,458806286
394,18
394,21
394,23
394,24
394,38
394,41
395,0
395,7
395,10
395,458806286
395,18
395,21
395,23
395,24
395,38
395,41
396,0
396,7
396,10
396,458806286
396,18
396,21
396,23
396,24
396,38
396,41
397,0
397,7
397,10
397,458806286
397,18
397,21
397,23
397,24
397,38
397,41
398,0
398,7
398,10
398,458806286
398,18
398,21
398,23
398,24
398,38
398,41
399,0
399,7
399,10
399,458806286
399,18
399,21
399,23
399,24
399,38
399,41
400,0
400,7
400,10
400,458806286
400,18
400,21
400,23
400,24
400,38
400,41
401,0
401,7
401,10
401,458806286
401,18
401,21
401,23
401,24
401,38
401,41
402,0
402,7
402,10
402,458806286
402,18
402,21
402,23
402,24
402,38
402,41
404,0
404,7
404,10
404,458806286
404,18
404,21
404,23
404,24
404,38
404,41
405,0
405,7
405,10
405,458806286
405,18
405,21
405,23
405,24
405,38
405,41
406,0
406,7
406,10
406,458806286
406,18
406,21
406,23
406,24
406,38
406,41
407,0
407,7
407,10
407,458806286
407,18
407,21
407,23
407,24
407,38
407,41
408,0
408,7
408,10
408,458806286
408,18
408,21
408,23
408,24
408,38
408,41
409,0
409,7
409,10
409,458806286
409,18
409,21
409,23
409,24
409,38
409,41
410,0
410,7
410,10
410,458806286
410,18
410,21
410,23
410,24
410,38
410,41
411,0
411,7
411,10
411,458806286
411,18
411,21
411,23
411,24
411,38
411,41
412,0
412,7
412,10
412,458806286
412,18
412,21
412,23
412,24
412,38
412,41
413,0
413,7
413,10
413,458806286
413,18
413,21
413,23
413,24
413,38
413,41
414,0
414,7
414,10
414,458806286
414,18
414,21
414,23
414,24
414,38
414,41
415,0
415,7
415,10
415,458806286
415,18
415,21
415,23
415,24
415,38
415,41
416,0
416,7
416,10
416,458806286
416,18
416,21
416,23
416,24
416,38
416,41
417,0
417,7
417,10
417,458806286
417,18
417,21
417,23
417,24
417,38
417,41
418,0
418,7
418,10
418,458806286
418,18
418,21
418,23
418,24
418,38
418,41
419,0
419,7
419,10
419,458806286
419,18
419,21
419,23
419,24
419,38
419,41
420,0
420,7
420,10
420,458806286
420,18
420,21
420,23
420,24
420,38
420,41
421,0
421,7
421,10
421,458806286
421,18
421,21
421,23
421,24
421,38
421,41
422,0
422,7
422,10
422,458806286
422,18
422,21
422,23
422,24
422,38
422,41
423,0
423,7
423,10
423,458806286
423,18
423,21
423,23
423,24
423,38
423,41
424,0
424,7
424,10
424,458806286
424,18
424,21
424,23
424,24
424,38
424,41
425,0
425,7
425,10
425,458806286
425,18
425,21
425,23
425,24
425,38
425,41
426,0
426,7
426,10
426,458806286
426,18
426,21
426,23
426,24
426,38
426,41
427,0
427,7
427,10
427,458806286
427,18
427,21
427,23
427,24
427,38
427,41
428,0
428,7
428,10
428,458806286
428,18
428,21
428,23
428,24
428,38
428,41
429,0
429,7
429,10
429,458806286
429,18
429,21
429,23
429,24
429,38
429,41
430,0
430,7
430,10
430,458806286
430,18
430,21
430,23
430,24
430,38
430,41
431,0
431,7
431,10
431,458806286
431,18
431,21
431,23
431,24
431,38
431,41
432,0
432,7
432,10
432,458806286
432,18
432,21
432,23
432,24
432,38
432,41
433,0
433,7
433,10
433,458806286
433,18
433,21
433,23
433,24
433,38
433,41
434,0
434,7
434,10
434,458806286
434,18
434,21
434,23
434,24
434,38
434,41
435,0
435,7
435,10
435,458806286
435,18
435,21
435,23
435,24
435,38
435,41
436,0
436,7
436,10
436,458806286
436,18
436,21
436,23
436,24
436,38
436,41
437,0
437,7
437,10
437,458806286
437,18
437,21
437,23
437,24
437,38
437,41
438,0
438,7
438,10
438,458806286
438,18
438,21
438,23
438,24
438,38
438,41
439,0
439,7
439,10
439,458806286
439,18
439,21
439,23
439,24
439,38
439,41
440,0
440,7
440,10
440,458806286
440,18
440,21
440,23
440,24
440,38
440,41
441,0
441,7
441,10
441,458806286
441,18
441,21
441,23
441,24
441,38
441,41
442,0
442,7
442,10
442,458806286
442,18
442,21
442,23
442,24
442,38
442,41
443,0
443,7
443,10
443,458806286
443,18
443,21
443,23
443,24
443,38
443,41
444,0
444,7
444,10
444,458806286
444,18
444,21
444,23
444,24
444,38
444,41
445,0
445,7
445,10
445,458806286
445,18
445,21
445,23
445,24
445,38
445,41
446,0
446,7
446,10
446,458806286
446,18
446,21
446,23
446,24
446,38
446,41
447,0
447,7
447,10
447,458806286
447,18
447,21
447,23
447,24
447,38
447,41
448,0
448,7
448,10
448,458806286
448,18
448,21
448,23
448,24
448,38
448,41
449,0
449,7
449,10
449,458806286
449,18
449,21
449,23
449,24
449,38
449,41
450,0
450,7
450,10
450,458806286
450,18
450,21
450,23
450,24
450,38
450,41
451,0
451,7
451,10
451,458806286
451,18
451,21
451,23
451,24
451,38
451,41
452,0
452,7
452,10
452,458806286
452,18
452,21
452,23
452,24
452,38
452,41
453,0
453,7
453,10
453,458806286
453,18
453,21
453,23
453,24
453,38
453,41
454,0
454,7
454,10
454,458806286
454,18
454,21
454,23
454,24
454,38
454,41
455,0
455,7
455,10
455,458806286
455,18
455,21
455,23
455,24
455,38
455,41
456,0
456,7
456,10
456,458806286
456,18
456,21
456,23
456,24
456,38
456,41
457,0
457,7
457,10
457,458806286
457,18
457,21
457,23
457,24
457,38
457,41
458,0
458,7
458,10
458,458806286
458,18
458,21
458,23
458,24
458,38
458,41
459,0
459,7
459,10
459,458806286
459,18
459,21
459,23
459,24
459,38
459,41
460,0
460,7
460,10
460,458806286
460,18
460,21
460,23
460,24
460,38
460,41
461,0
461,7
461,10
461,458806286
461,18
461,21
461,23
461,24
461,38
461,41
462,0
462,7
462,10
462,458806286
462,18
462,21
462,23
462,24
462,38
462,41
463,0
463,7
463,10
463,458806286
463,18
463,21
463,23
463,24
463,38
463,41
464,0
464,7
464,10
464,458806286
464,18
464,21
464,23
464,24
464,38
464,41
465,0
465,7
465,10
465,458806286
465,18
465,21
465,23
465,24
465,38
465,41
466,0
466,7
466,10
466,458806286
466,18
466,21
466,23
466,24
466,38
466,41
467,0
467,7
467,10
467,458806286
467,18
467,21
467,23
467,24
467,38
467,41
468,0
468,7
468,10
468,458806286
468,18
468,21
468,23
468,24
468,38
468,41
469,0
469,7
469,10
469,458806286
469,18
469,21
469,23
469,24
469,38
469,41
470,0
470,7
470,10
470,458806286
470,18
470,21
470,23
470,24
470,38
470,41
471,0
471,7
471,10
471,458806286
471,18
471,21
471,23
471,24
471,38
471,41
472,0
472,7
472,10
472,458806286
472,18
472,21
472,23
472,24
472,38
472,41
473,0
473,7
473,10
473,458806286
473,18
473,21
473,23
473,24
473,38
473,41
474,0
474,7
474,10
474,458806286
474,18
474,21
474,23
474,24
474,38
474,41
475,0
475,7
475,10
475,458806286
475,18
475,21
475,23
475,24
475,38
475,41
476,0
476,7
476,10
476,458806286
476,18
476,21
476,23
476,24
476,38
476,41
477,0
477,7
477,10
477,458806286
477,18
477,21
477,23
477,24
477,38
477,41
478,0
478,7
478,10
478,458806286
478,18
478,21
478,23
478,24
478,38
478,41
479,0
479,7
479,10
479,458806286
479,18
479,21
479,23
479,24
479,38
479,41
480,0
480,7
480,10
480,458806286
480,18
480,21
480,23
480,24
480,38
480,41
481,0
481,7
481,10
481,458806286
481,18
481,21
481,23
481,24
481,38
481,41
482,0
482,7
482,10
482,458806286
482,18
482,21
482,23
482,24
482,38
482,41
483,0
483,7
483,10
483,458806286
483,18
483,21
483,23
483,24
483,38
483,41
484,0
484,7
484,10
484,458806286
484,18
484,21
484,23
484,24
484,38
484,41
485,0
485,7
485,10
485,458806286
485,18
485,21
485,23
485,24
485,38
485,41
487,0
487,7
487,10
487,458806286
487,18
487,21
487,23
487,24
487,38
487,41
488,0
488,7
488,10
488,458806286
488,18
488,21
488,23
488,24
488,38
488,41
489,0
489,7
489,10
489,458806286
489,18
489,21
489,23
489,24
489,38
489,41
490,0
490,7
490,10
490,458806286
490,18
490,21
490,23
490,24
490,38
490,41
491,0
491,7
491,10
491,458806286
491,18
491,21
491,23
491,24
491,38
491,41
492,0
492,7
492,10
492,458806286
492,18
492,21
492,23
492,24
492,38
492,41
493,0
493,7
493,10
493,458806286
493,18
493,21
493,23
493,24
493,38
493,41
494,0
494,7
494,10
494,458806286
494,18
494,21
494,23
494,24
494,38
494,41
495,0
495,7
495,10
495,458806286
495,18
495,21
495,23
495,24
495,38
495,41
496,0
496,7
496,10
496,458806286
496,18
496,21
496,23
496,24
496,38
496,41
497,0
497,7
497,10
497,458806286
497,18
497,21
497,23
497,24
497,38
497,41
498,0
498,7
498,10
498,458806286
498,18
498,21
498,23
498,24
498,38
498,41
499,0
499,7
499,10
499,458806286
499,18
499,21
499,23
499,24
499,38
499,41
500,0
500,7
500,10
500,458806286
500,18
500,21
500,23
500,24
500,38
500,41
501,0
501,7
501,10
501,458806286
501,18
501,21
501,23
501,24
501,38
501,41
502,0
502,7
502,10
502,458806286
502,18
502,21
502,23
502,24
502,38
502,41
503,0
503,7
503,10
503,458806286
503,18
503,21
503,23
503,24
503,38
503,41
504,0
504,7
504,10
504,458806286
504,18
504,21
504,23
504,24
504,38
504,41
505,0
505,7
505,10
505,458806286
505,18
505,21
505,23
505,24
505,38
505,41
506,0
506,7
506,10
506,458806286
506,18
506,21
506,23
506,24
506,38
506,41
507,0
507,7
507,10
507,458806286
507,18
507,21
507,23
507,24
507,38
507,41
508,0
508,7
508,10
508,458806286
508,18
508,21
508,23
508,24
508,38
508,41
509,0
509,7
509,10
509,458806286
509,18
509,21
509,23
509,24
509,38
509,41
510,0
510,7
510,10
510,458806286
510,18
510,21
510,23
510,24
510,38
510,41
511,0
511,7
511,10
511,458806286
511,18
511,21
511,23
511,24
511,38
511,41
512,0
512,7
512,10
512,458806286
512,18
512,21
512,23
512,24
512,38
512,41
513,0
513,7
513,10
513,458806286
513,18
513,21
513,23
513,24
513,38
513,41
514,0
514,7
514,10
514,458806286
514,18
514,21
514,23
514,24
514,38
514,41
515,0
515,7
515,10
515,458806286
515,18
515,21
515,23
515,24
515,38
515,41
516,0
516,7
516,10
516,458806286
516,18
516,21
516,23
516,24
516,38
516,41
517,0
517,7
517,10
517,458806286
517,18
517,21
517,23
517,24
517,38
517,41
518,0
518,7
518,10
518,458806286
518,18
518,21
518,23
518,24
518,38
518,41
519,0
519,7
519,10
519,458806286
519,18
519,21
519,23
519,24
519,38
519,41
520,0
520,7
520,10
520,458806286
520,18
520,21
520,23
520,24
520,38
520,41
521,0
521,7
521,10
521,458806286
521,18
521,21
521,23
521,24
521,38
521,41
522,0
522,7
522,10
522,458806286
522,18
522,21
522,23
522,24
522,38
522,41
523,0
523,7
523,10
523,458806286
523,18
523,21
523,23
523,24
523,38
523,41
524,0
524,7
524,10
524,458806286
524,18
524,21
524,23
524,24
524,38
524,41
525,0
525,7
525,10
525,458806286
525,18
525,21
525,23
525,24
525,38
525,41
526,0
526,7
526,10
526,458806286
526,18
526,21
526,23
526,24
526,38
526,41
527,0
527,7
527,10
527,458806286
527,18
527,21
527,23
527,24
527,38
527,41
528,0
528,7
528,10
528,458806286
528,18
528,21
528,23
528,24
528,38
528,41
529,0
529,7
529,10
529,458806286
529,18
529,21
529,23
529,24
529,38
529,41
530,0
530,7
530,10
530,458806286
530,18
530,21
530,23
530,24
530,38
530,41
531,0
531,7
531,10
531,458806286
531,18
531,21
531,23
531,24
531,38
531,41
532,0
532,7
532,10
532,458806286
532,18
532,21
532,23
532,24
532,38
532,41
533,0
533,7
533,10
533,458806286
533,18
533,21
533,23
533,24
533,38
533,41
534,0
534,7
534,10
534,458806286
534,18
534,21
534,23
534,24
534,38
534,41
535,0
535,7
535,10
535,458806286
535,18
535,21
535,23
535,24
535,38
535,41
536,0
536,7
536,10
536,458806286
536,18
536,21
536,23
536,24
536,38
536,41
537,0
537,7
537,10
537,458806286
537,18
537,21
537,23
537,24
537,38
537,41
538,0
538,7
538,10
538,458806286
538,18
538,21
538,23
538,24
538,38
538,41
539,0
539,7
539,10
539,458806286
539,18
539,21
539,23
539,24
539,38
539,41
540,0
540,7
540,10
540,458806286
540,18
540,21
540,23
540,24
540,38
540,41
541,0
541,7
541,10
541,458806286
541,18
541,21
541,23
541,24
541,38
541,41
542,0
542,7
542,10
542,458806286
542,18
542,21
542,23
542,24
542,38
542,41
543,0
543,7
543,10
543,458806286
543,18
543,21
543,23
543,24
543,38
543,41
544,0
544,7
544,10
544,458806286
544,18
544,21
544,23
544,24
544,38
544,41
545,0
545,7
545,10
545,458806286
545,18
545,21
545,23
545,24
545,38
545,41
546,0
546,7
546,10
546,458806286
546,18
546,21
546,23
546,24
546,38
546,41
547,0
547,7
547,10
547,458806286
547,18
547,21
547,23
547,24
547,38
547,41
548,0
548,7
548,10
548,458806286
548,18
548,21
548,23
548,24
548,38
548,41
549,0
549,7
549,10
549,458806286
549,18
549,21
549,23
549,24
549,38
549,41
550,0
550,7
550,10
550,458806286
550,18
550,21
550,23
550,24
550,38
550,41
551,0
551,7
551,10
551,458806286
551,18
551,21
551,23
551,24
551,38
551,41
552,0
552,7
552,10
552,458806286
552,18
552,21
552,23
552,24
552,38
552,41
553,0
553,7
553,10
553,458806286
553,18
553,21
553,23
553,24
553,38
553,41
554,0
554,7
554,10
554,458806286
554,18
554,21
554,23
554,24
554,38
554,41
555,0
555,7
555,10
555,458806286
555,18
555,21
555,23
555,24
555,38
555,41
556,0
556,7
556,10
556,458806286
556,18
556,21
556,23
556,24
556,38
556,41
557,0
557,7
557,10
557,458806286
557,18
557,21
557,23
557,24
557,38
557,41
558,0
558,7
558,10
558,458806286
558,18
558,21
558,23
558,24
558,38
558,41
559,0
559,7
559,10
559,458806286
559,18
559,21
559,23
559,24
559,38
559,41
560,0
560,7
560,10
560,458806286
560,18
560,21
560,23
560,24
560,38
560,41
561,0
561,7
561,10
561,458806286
561,18
561,21
561,23
561,24
561,38
561,41
562,0
562,7
562,10
562,458806286
562,18
562,21
562,23
562,24
562,38
562,41
563,0
563,7
563,10
563,458806286
563,18
563,21
563,23
563,24
563,38
563,41
564,0
564,7
564,10
564,458806286
564,18
564,21
564,23
564,24
564,38
564,41
565,0
565,7
565,10
565,458806286
565,18
565,21
565,23
565,24
565,38
565,41
566,0
566,7
566,10
566,458806286
566,18
566,21
566,23
566,24
566,38
566,41
567,0
567,7
567,10
567,458806286
567,18
567,21
567,23
567,24
567,38
567,41
568,0
568,7
568,10
568,458806286
568,18
568,21
568,23
568,24
568,38
568,41
569,0
569,7
569,10
569,458806286
569,18
569,21
569,23
569,24
569,38
569,41
570,0
570,7
570,10
570,458806286
570,18
570,21
570,23
570,24
570,38
570,41
571,0
571,7
571,10
571,458806286
571,18
571,21
571,23
571,24
571,38
571,41
572,0
572,7
572,10
572,458806286
572,18
572,21
572,23
572,24
572,38
572,41
573,0
573,7
573,10
573,458806286
573,18
573,21
573,23
573,24
573,38
573,41
574,0
574,7
574,10
574,458806286
574,18
574,21
574,23
574,24
574,38
574,41
575,0
575,7
575,10
575,458806286
575,18
575,21
575,23
575,24
575,38
575,41
576,0
576,7
576,10
576,458806286
576,18
576,21
576,23
576,24
576,38
576,41
577,0
577,7
577,10
577,458806286
577,18
577,21
577,23
577,24
577,38
577,41
578,0
578,7
578,10
578,458806286
578,18
578,21
578,23
578,24
578,38
578,41
579,0
579,7
579,10
579,458806286
579,18
579,21
579,23
579,24
579,38
579,41
580,0
580,7
580,10
580,458806286
580,18
580,21
580,23
580,24
580,38
580,41
581,0
581,7
581,10
581,458806286
581,18
581,21
581,23
581,24
581,38
581,41
582,0
582,7
582,10
582,458806286
582,18
582,21
582,23
582,24
582,38
582,41
583,0
583,7
583,10
583,458806286
583,18
583,21
583,23
583,24
583,38
583,41
584,0
584,7
584,10
584,458806286
584,18
584,21
584,23
584,24
584,38
584,41
585,0
585,7
585,10
585,458806286
585,18
585,21
585,23
585,24
585,38
585,41
586,0
586,7
586,10
586,458806286
586,18
586,21
586,23
586,24
586,38
586,41
587,0
587,7
587,10
587,458806286
587,18
587,21
587,23
587,24
587,38
587,41
588,0
588,7
588,10
588,458806286
588,18
588,21
588,23
588,24
588,38
588,41
589,0
589,7
589,10
589,458806286
589,18
589,21
589,23
589,24
589,38
589,41
590,0
590,7
590,10
590,458806286
590,18
590,21
590,23
590,24
590,38
590,41
591,0
591,7
591,10
591,458806286
591,18
591,21
591,23
591,24
591,38
591,41
592,0
592,7
592,10
592,458806286
592,18
592,21
592,23
592,24
592,38
592,41
593,0
593,7
593,10
593,458806286
593,18
593,21
593,23
593,24
593,38
593,41
594,0
594,7
594,10
594,458806286
594,18
594,21
594,23
594,24
594,38
594,41
595,0
595,7
595,10
595,458806286
595,18
595,21
595,23
595,24
595,38
595,41
596,0
596,7
596,10
596,458806286
596,18
596,21
596,23
596,24
596,38
596,41
597,0
597,7
597,10
597,458806286
597,18
597,21
597,23
597,24
597,38
597,41
598,0
598,7
598,10
598,458806286
598,18
598,21
598,23
598,24
598,38
598,41
599,0
599,7
599,10
599,458806286
599,18
599,21
599,23
599,24
599,38
599,41
600,0
600,7
600,10
600,458806286
600,18
600,21
600,23
600,24
600,38
600,41
601,0
601,7
601,10
601,458806286
601,18
601,21
601,23
601,24
601,38
601,41
602,0
602,7
602,10
602,458806286
602,18
602,21
602,23
602,24
602,38
602,41
603,0
603,7
603,10
603,458806286
603,18
603,21
603,23
603,24
603,38
603,41
604,0
604,7
604,10
604,458806286
604,18
604,21
604,23
604,24
604,38
604,41
605,0
605,7
605,10
605,458806286
605,18
605,21
605,23
605,24
605,38
605,41
606,0
606,7
606,10
606,458806286
606,18
606,21
606,23
606,24
606,38
606,41
607,0
607,7
607,10
607,458806286
607,18
607,21
607,23
607,24
607,38
607,41
608,0
608,7
608,10
608,458806286
608,18
608,21
608,23
608,24
608,38
608,41
609,0
609,7
609,10
609,458806286
609,18
609,21
609,23
609,24
609,38
609,41
610,0
610,7
610,10
610,458806286
610,18
610,21
610,23
610,24
610,38
610,41
611,0
611,7
611,10
611,458806286
611,18
611,21
611,23
611,24
611,38
611,41
612,0
612,7
612,10
612,458806286
612,18
612,21
612,23
612,24
612,38
612,41
613,0
613,7
613,10
613,458806286
613,18
613,21
613,23
613,24
613,38
613,41
614,0
614,7
614,10
614,458806286
614,18
614,21
614,23
614,24
614,38
614,41
615,0
615,7
615,10
615,458806286
615,18
615,21
615,23
615,24
615,38
615,41
616,0
616,7
616,10
616,458806286
616,18
616,21
616,23
616,24
616,38
616,41
617,0
617,7
617,10
617,458806286
617,18
617,21
617,23
617,24
617,38
617,41
618,0
618,7
618,10
618,458806286
618,18
618,21
618,23
618,24
618,38
618,41
619,0
619,7
619,10
619,458806286
619,18
619,21
619,23
619,24
619,38
619,41
620,0
620,7
620,10
620,458806286
620,18
620,21
620,23
620,24
620,38
620,41
621,0
621,7
621,10
621,458806286
621,18
621,21
621,23
621,24
621,38
621,41
622,0
622,7
622,10
622,458806286
622,18
622,21
622,23
622,24
622,38
622,41
623,0
623,7
623,10
623,458806286
623,18
623,21
623,23
623,24
623,38
623,41
624,0
624,7
624,10
624,458806286
624,18
624,21
624,23
624,24
624,38
624,41
625,0
625,7
625,10
625,458806286
625,18
625,21
625,23
625,24
625,38
625,41
626,0
626,7
626,10
626,458806286
626,18
626,21
626,23
626,24
626,38
626,41
627,0
627,7
627,10
627,458806286
627,18
627,21
627,23
627,24
627,38
627,41
628,0
628,7
628,10
628,458806286
628,18
628,21
628,23
628,24
628,38
628,41
629,0
629,7
629,10
629,458806286
629,18
629,21
629,23
629,24
629,38
629,41
630,0
630,7
630,10
630,458806286
630,18
630,21
630,23
630,24
630,38
630,41
631,0
631,7
631,10
631,458806286
631,18
631,21
631,23
631,24
631,38
631,41
632,0
632,7
632,10
632,458806286
632,18
632,21
632,23
632,24
632,38
632,41
633,0
633,7
633,10
633,458806286
633,18
633,21
633,23
633,24
633,38
633,41
634,0
634,7
634,10
634,458806286
634,18
634,21
634,23
634,24
634,38
634,41
635,0
635,7
635,10
635,458806286
635,18
635,21
635,23
635,24
635,38
635,41
636,0
636,7
636,10
636,458806286
636,18
636,21
636,23
636,24
636,38
636,41
637,0
637,7
637,10
637,458806286
637,18
637,21
637,23
637,24
637,38
637,41
638,0
638,7
638,10
638,458806286
638,18
638,21
638,23
638,24
638,38
638,41
639,0
639,7
639,10
639,458806286
639,18
639,21
639,23
639,24
639,38
639,41
640,0
640,7
640,10
640,458806286
640,18
640,21
640,23
640,24
640,38
640,41
641,0
641,7
641,10
641,458806286
641,18
641,21
641,23
641,24
641,38
641,41
642,0
642,7
642,10
642,458806286
642,18
642,21
642,23
642,24
642,38
642,41
643,0
643,7
643,10
643,458806286
643,18
643,21
643,23
643,24
643,38
643,41
644,0
644,7
644,10
644,458806286
644,18
644,21
644,23
644,24
644,38
644,41
645,0
645,7
645,10
645,458806286
645,18
645,21
645,23
645,24
645,38
645,41
646,0
646,7
646,10
646,458806286
646,18
646,21
646,23
646,24
646,38
646,41
647,0
647,7
647,10
647,458806286
647,18
647,21
647,23
647,24
647,38
647,41
648,0
648,7
648,10
648,458806286
648,18
648,21
648,23
648,24
648,38
648,41
649,0
649,7
649,10
649,458806286
649,18
649,21
649,23
649,24
649,38
649,41
650,0
650,7
650,10
650,458806286
650,18
650,21
650,23
650,24
650,38
650,41
651,0
651,7
651,10
651,458806286
651,18
651,21
651,23
651,24
651,38
651,41
652,0
652,7
652,10
652,458806286
652,18
652,21
652,23
652,24
652,38
652,41
653,0
653,7
653,10
653,458806286
653,18
653,21
653,23
653,24
653,38
653,41
654,0
654,7
654,10
654,458806286
654,18
654,21
654,23
654,24
654,38
654,41
655,0
655,7
655,10
655,458806286
655,18
655,21
655,23
655,24
655,38
655,41
656,0
656,7
656,10
656,458806286
656,18
656,21
656,23
656,24
656,38
656,41
657,0
657,7
657,10
657,458806286
657,18
657,21
657,23
657,24
657,38
657,41
658,0
658,7
658,10
658,458806286
658,18
658,21
658,23
658,24
658,38
658,41
659,0
659,7
659,10
659,458806286
659,18
659,21
659,23
659,24
659,38
659,41
660,0
660,7
660,10
660,458806286
660,18
660,21
660,23
660,24
660,38
660,41
661,0
661,7
661,10
661,458806286
661,18
661,21
661,23
661,24
661,38
661,41
662,0
662,7
662,10
662,458806286
662,18
662,21
662,23
662,24
662,38
662,41
663,0
663,7
663,10
663,458806286
663,18
663,21
663,23
663,24
663,38
663,41
664,0
664,7
664,10
664,458806286
664,18
664,21
664,23
664,24
664,38
664,41
665,0
665,7
665,10
665,458806286
665,18
665,21
665,23
665,24
665,38
665,41
666,0
666,7
666,10
666,458806286
666,18
666,21
666,23
666,24
666,38
666,41
667,0
667,7
667,10
667,458806286
667,18
667,21
667,23
667,24
667,38
667,41
668,0
668,7
668,10
668,458806286
668,18
668,21
668,23
668,24
668,38
668,41
669,0
669,7
669,10
669,458806286
669,18
669,21
669,23
669,24
669,38
669,41
670,0
670,7
670,10
670,458806286
670,18
670,21
670,23
670,24
670,38
670,41
671,0
671,7
671,10
671,458806286
671,18
671,21
671,23
671,24
671,38
671,41
672,0
672,7
672,10
672,458806286
672,18
672,21
672,23
672,24
672,38
672,41
673,0
673,7
673,10
673,458806286
673,18
673,21
673,23
673,24
673,38
673,41
674,0
674,7
674,10
674,458806286
674,18
674,21
674,23
674,24
674,38
674,41
675,0
675,7
675,10
675,458806286
675,18
675,21
675,23
675,24
675,38
675,41
676,0
676,7
676,10
676,458806286
676,18
676,21
676,23
676,24
676,38
676,41
677,0
677,7
677,10
677,458806286
677,18
677,21
677,23
677,24
677,38
677,41
678,0
678,7
678,10
678,458806286
678,18
678,21
678,23
678,24
678,38
678,41
679,0
679,7
679,10
679,458806286
679,18
679,21
679,23
679,24
679,38
679,41
680,0
680,7
680,10
680,458806286
680,18
680,21
680,23
680,24
680,38
680,41
681,0
681,7
681,10
681,458806286
681,18
681,21
681,23
681,24
681,38
681,41
682,0
682,7
682,10
682,458806286
682,18
682,21
682,23
682,24
682,38
682,41
683,0
683,7
683,10
683,458806286
683,18
683,21
683,23
683,24
683,38
683,41
684,0
684,7
684,10
684,458806286
684,18
684,21
684,23
684,24
684,38
684,41
685,0
685,7
685,10
685,458806286
685,18
685,21
685,23
685,24
685,38
685,41
686,0
686,7
686,10
686,458806286
686,18
686,21
686,23
686,24
686,38
686,41
687,0
687,7
687,10
687,458806286
687,18
687,21
687,23
687,24
687,38
687,41
688,0
688,7
688,10
688,458806286
688,18
688,21
688,23
688,24
688,38
688,41
689,0
689,7
689,10
689,458806286
689,18
689,21
689,23
689,24
689,38
689,41
690,0
690,7
690,10
690,458806286
690,18
690,21
690,23
690,24
690,38
690,41
691,0
691,7
691,10
691,458806286
691,18
691,21
691,23
691,24
691,38
691,41
692,0
692,7
692,10
692,458806286
692,18
692,21
692,23
692,24
692,38
692,41
693,0
693,7
693,10
693,458806286
693,18
693,21
693,23
693,24
693,38
693,41
694,0
694,7
694,10
694,458806286
694,18
694,21
694,23
694,24
694,38
694,41
695,0
695,7
695,10
695,458806286
695,18
695,21
695,23
695,24
695,38
695,41
696,0
696,7
696,10
696,458806286
696,18
696,21
696,23
696,24
696,38
696,41
697,0
697,7
697,10
697,458806286
697,18
697,21
697,23
697,24
697,38
697,41
698,0
698,7
698,10
698,458806286
698,18
698,21
698,23
698,24
698,38
698,41
699,0
699,7
699,10
699,458806286
699,18
699,21
699,23
699,24
699,38
699,41
700,0
700,7
700,10
700,458806286
700,18
700,21
700,23
700,24
700,38
700,41
701,0
701,7
701,10
701,458806286
701,18
701,21
701,23
701,24
701,38
701,41
702,0
702,7
702,10
702,458806286
702,18
702,21
702,23
702,24
702,38
702,41
703,0
703,7
703,10
703,458806286
703,18
703,21
703,23
703,24
703,38
703,41
704,0
704,7
704,10
704,458806286
704,18
704,21
704,23
704,24
704,38
704,41
705,0
705,7
705,10
705,458806286
705,18
705,21
705,23
705,24
705,38
705,41
706,0
706,7
706,10
706,458806286
706,18
706,21
706,23
706,24
706,38
706,41
707,0
707,7
707,10
707,458806286
707,18
707,21
707,23
707,24
707,38
707,41
708,0
708,7
708,10
708,458806286
708,18
708,21
708,23
708,24
708,38
708,41
709,0
709,7
709,10
709,458806286
709,18
709,21
709,23
709,24
709,38
709,41
711,0
711,7
711,10
711,458806286
711,18
711,21
711,23
711,24
711,38
711,41
712,0
712,7
712,10
712,458806286
712,18
712,21
712,23
712,24
712,38
712,41
713,0
713,7
713,10
713,458806286
713,18
713,21
713,23
713,24
713,38
713,41
714,0
714,7
714,10
714,458806286
714,18
714,21
714,23
714,24
714,38
714,41
715,0
715,7
715,10
715,458806286
715,18
715,21
715,23
715,24
715,38
715,41
716,0
716,7
716,10
716,458806286
716,18
716,21
716,23
716,24
716,38
716,41
717,0
717,7
717,10
717,458806286
717,18
717,21
717,23
717,24
717,38
717,41
718,0
718,7
718,10
718,458806286
718,18
718,21
718,23
718,24
718,38
718,41
719,0
719,7
719,10
719,458806286
719,18
719,21
719,23
719,24
719,38
719,41
720,0
720,7
720,10
720,458806286
720,18
720,21
720,23
720,24
720,38
720,41
721,0
721,7
721,10
721,458806286
721,18
721,21
721,23
721,24
721,38
721,41
722,0
722,7
722,10
722,458806286
722,18
722,21
722,23
722,24
722,38
722,41
723,0
723,7
723,10
723,458806286
723,18
723,21
723,23
723,24
723,38
723,41
724,0
724,7
724,10
724,458806286
724,18
724,21
724,23
724,24
724,38
724,41
725,0
725,7
725,10
725,458806286
725,18
725,21
725,23
725,24
725,38
725,41
726,0
726,7
726,10
726,458806286
726,18
726,21
726,23
726,24
726,38
726,41
727,0
727,7
727,10
727,458806286
727,18
727,21
727,23
727,24
727,38
727,41
728,0
728,7
728,10
728,458806286
728,18
728,21
728,23
728,24
728,38
728,41
729,0
729,7
729,10
729,458806286
729,18
729,21
729,23
729,24
729,38
729,41
730,0
730,7
730,10
730,458806286
730,18
730,21
730,23
730,24
730,38
730,41
731,0
731,7
731,10
731,458806286
731,18
731,21
731,23
731,24
731,38
731,41
732,0
732,7
732,10
732,458806286
732,18
732,21
732,23
732,24
732,38
732,41
734,0
734,7
734,10
734,458806286
734,18
734,21
734,23
734,24
734,38
734,41
735,0
735,7
735,10
735,458806286
735,18
735,21
735,23
735,24
735,38
735,41
736,0
736,7
736,10
736,458806286
736,18
736,21
736,23
736,24
736,38
736,41
737,0
737,7
737,10
737,458806286
737,18
737,21
737,23
737,24
737,38
737,41
738,0
738,7
738,10
738,458806286
738,18
738,21
738,23
738,24
738,38
738,41
739,0
739,7
739,10
739,458806286
739,18
739,21
739,23
739,24
739,38
739,41
740,0
740,7
740,10
740,458806286
740,18
740,21
740,23
740,24
740,38
740,41
741,0
741,7
741,10
741,458806286
741,18
741,21
741,23
741,24
741,38
741,41
742,0
742,7
742,10
742,458806286
742,18
742,21
742,23
742,24
742,38
742,41
743,0
743,7
743,10
743,458806286
743,18
743,21
743,23
743,24
743,38
743,41
744,0
744,7
744,10
744,458806286
744,18
744,21
744,23
744,24
744,38
744,41
745,0
745,7
745,10
745,458806286
745,18
745,21
745,23
745,24
745,38
745,41
746,0
746,7
746,10
746,458806286
746,18
746,21
746,23
746,24
746,38
746,41
747,0
747,7
747,10
747,458806286
747,18
747,21
747,23
747,24
747,38
747,41
748,0
748,7
748,10
748,458806286
748,18
748,21
748,23
748,24
748,38
748,41
749,0
749,7
749,10
749,458806286
749,18
749,21
749,23
749,24
749,38
749,41
750,0
750,7
750,10
750,458806286
750,18
750,21
750,23
750,24
750,38
750,41
751,0
751,7
751,10
751,458806286
751,18
751,21
751,23
751,24
751,38
751,41
752,0
752,7
752,10
752,458806286
752,18
752,21
752,23
752,24
752,38
752,41
753,0
753,7
753,10
753,458806286
753,18
753,21
753,23
753,24
753,38
753,41
754,0
754,7
754,10
754,458806286
754,18
754,21
754,23
754,24
754,38
754,41
755,0
755,7
755,10
755,458806286
755,18
755,21
755,23
755,24
755,38
755,41
756,0
756,7
756,10
756,458806286
756,18
756,21
756,23
756,24
756,38
756,41
757,0
757,7
757,10
757,458806286
757,18
757,21
757,23
757,24
757,38
757,41
758,0
758,7
758,10
758,458806286
758,18
758,21
758,23
758,24
758,38
758,41
759,0
759,7
759,10
759,458806286
759,18
759,21
759,23
759,24
759,38
759,41
760,0
760,7
760,10
760,458806286
760,18
760,21
760,23
760,24
760,38
760,41
761,0
761,7
761,10
761,458806286
761,18
761,21
761,23
761,24
761,38
761,41
762,0
762,7
762,10
762,458806286
762,18
762,21
762,23
762,24
762,38
762,41
763,0
763,7
763,10
763,458806286
763,18
763,21
763,23
763,24
763,38
763,41
764,0
764,7
764,10
764,458806286
764,18
764,21
764,23
764,24
764,38
764,41
765,0
765,7
765,10
765,458806286
765,18
765,21
765,23
765,24
765,38
765,41
766,0
766,7
766,10
766,458806286
766,18
766,21
766,23
766,24
766,38
766,41
768,0
768,7
768,10
768,458806286
768,18
768,21
768,23
768,24
768,38
768,41
769,0
769,7
769,10
769,458806286
769,18
769,21
769,23
769,24
769,38
769,41
770,0
770,7
770,10
770,458806286
770,18
770,21
770,23
770,24
770,38
770,41
771,0
771,7
771,10
771,458806286
771,18
771,21
771,23
771,24
771,38
771,41
772,0
772,7
772,10
772,458806286
772,18
772,21
772,23
772,24
772,38
772,41
773,0
773,7
773,10
773,458806286
773,18
773,21
773,23
773,24
773,38
773,41
774,0
774,7
774,10
774,458806286
774,18
774,21
774,23
774,24
774,38
774,41
775,0
775,7
775,10
775,458806286
775,18
775,21
775,23
775,24
775,38
775,41
776,0
776,7
776,10
776,458806286
776,18
776,21
776,23
776,24
776,38
776,41
777,0
777,7
777,10
777,458806286
777,18
777,21
777,23
777,24
777,38
777,41
778,0
778,7
778,10
778,458806286
778,18
778,21
778,23
778,24
778,38
778,41
779,0
779,7
779,10
779,458806286
779,18
779,21
779,23
779,24
779,38
779,41
780,0
780,7
780,10
780,458806286
780,18
780,21
780,23
780,24
780,38
780,41
781,0
781,7
781,10
781,458806286
781,18
781,21
781,23
781,24
781,38
781,41
782,0
782,7
782,10
782,458806286
782,18
782,21
782,23
782,24
782,38
782,41
783,0
783,7
783,10
783,458806286
783,18
783,21
783,23
783,24
783,38
783,41
784,0
784,7
784,10
784,458806286
784,18
784,21
784,23
784,24
784,38
784,41
785,0
785,7
785,10
785,458806286
785,18
785,21
785,23
785,24
785,38
785,41
786,0
786,7
786,10
786,458806286
786,18
786,21
786,23
786,24
786,38
786,41
787,0
787,7
787,10
787,458806286
787,18
787,21
787,23
787,24
787,38
787,41
788,0
788,7
788,10
788,458806286
788,18
788,21
788,23
788,24
788,38
788,41
789,0
789,7
789,10
789,458806286
789,18
789,21
789,23
789,24
789,38
789,41
790,0
790,7
790,10
790,458806286
790,18
790,21
790,23
790,24
790,38
790,41
791,0
791,7
791,10
791,458806286
791,18
791,21
791,23
791,24
791,38
791,41
792,0
792,7
792,10
792,458806286
792,18
792,21
792,23
792,24
792,38
792,41
793,0
793,7
793,10
793,458806286
793,18
793,21
793,23
793,24
793,38
793,41
794,0
794,7
794,10
794,458806286
794,18
794,21
794,23
794,24
794,38
794,41
795,0
795,7
795,10
795,458806286
795,18
795,21
795,23
795,24
795,38
795,41
796,0
796,7
796,10
796,458806286
796,18
796,21
796,23
796,24
796,38
796,41
797,0
797,7
797,10
797,458806286
797,18
797,21
797,23
797,24
797,38
797,41
798,0
798,7
798,10
798,458806286
798,18
798,21
798,23
798,24
798,38
798,41
799,0
799,7
799,10
799,458806286
799,18
799,21
799,23
799,24
799,38
799,41
800,0
800,7
800,10
800,458806286
800,18
800,21
800,23
800,24
800,38
800,41
801,0
801,7
801,10
801,458806286
801,18
801,21
801,23
801,24
801,38
801,41
802,0
802,7
802,10
802,458806286
802,18
802,21
802,23
802,24
802,38
802,41
803,0
803,7
803,10
803,458806286
803,18
803,21
803,23
803,24
803,38
803,41
804,0
804,7
804,10
804,458806286
804,18
804,21
804,23
804,24
804,38
804,41
805,0
805,7
805,10
805,458806286
805,18
805,21
805,23
805,24
805,38
805,41
806,0
806,7
806,10
806,458806286
806,18
806,21
806,23
806,24
806,38
806,41
807,0
807,7
807,10
807,458806286
807,18
807,21
807,23
807,24
807,38
807,41
808,0
808,7
808,10
808,458806286
808,18
808,21
808,23
808,24
808,38
808,41
809,0
809,7
809,10
809,458806286
809,18
809,21
809,23
809,24
809,38
809,41
810,0
810,7
810,10
810,458806286
810,18
810,21
810,23
810,24
810,38
810,41
811,0
811,7
811,10
811,458806286
811,18
811,21
811,23
811,24
811,38
811,41
812,0
812,7
812,10
812,458806286
812,18
812,21
812,23
812,24
812,38
812,41
813,0
813,7
813,10
813,458806286
813,18
813,21
813,23
813,24
813,38
813,41
814,0
814,7
814,10
814,458806286
814,18
814,21
814,23
814,24
814,38
814,41
815,0
815,7
815,10
815,458806286
815,18
815,21
815,23
815,24
815,38
815,41
816,0
816,7
816,10
816,458806286
816,18
816,21
816,23
816,24
816,38
816,41
817,0
817,7
817,10
817,458806286
817,18
817,21
817,23
817,24
817,38
817,41
818,0
818,7
818,10
818,458806286
818,18
818,21
818,23
818,24
818,38
818,41
819,0
819,7
819,10
819,458806286
819,18
819,21
819,23
819,24
819,38
819,41
820,0
820,7
820,10
820,458806286
820,18
820,21
820,23
820,24
820,38
820,41
821,0
821,7
821,10
821,458806286
821,18
821,21
821,23
821,24
821,38
821,41
822,0
822,7
822,10
822,458806286
822,18
822,21
822,23
822,24
822,38
822,41
823,0
823,7
823,10
823,458806286
823,18
823,21
823,23
823,24
823,38
823,41
824,0
824,7
824,10
824,458806286
824,18
824,21
824,23
824,24
824,38
824,41
825,0
825,7
825,10
825,458806286
825,18
825,21
825,23
825,24
825,38
825,41
826,0
826,7
826,10
826,458806286
826,18
826,21
826,23
826,24
826,38
826,41
827,0
827,7
827,10
827,458806286
827,18
827,21
827,23
827,24
827,38
827,41
828,0
828,7
828,10
828,458806286
828,18
828,21
828,23
828,24
828,38
828,41
829,0
829,7
829,10
829,458806286
829,18
829,21
829,23
829,24
829,38
829,41
830,0
830,7
830,10
830,458806286
830,18
830,21
830,23
830,24
830,38
830,41
831,0
831,7
831,10
831,458806286
831,18
831,21
831,23
831,24
831,38
831,41
832,0
832,7
832,10
832,458806286
832,18
832,21
832,23
832,24
832,38
832,41
833,0
833,7
833,10
833,458806286
833,18
833,21
833,23
833,24
833,38
833,41
834,0
834,7
834,10
834,458806286
834,18
834,21
834,23
834,24
834,38
834,41
835,0
835,7
835,10
835,458806286
835,18
835,21
835,23
835,24
835,38
835,41
836,0
836,7
836,10
836,458806286
836,18
836,21
836,23
836,24
836,38
836,41
837,0
837,7
837,10
837,458806286
837,18
837,21
837,23
837,24
837,38
837,41
838,0
838,7
838,10
838,458806286
838,18
838,21
838,23
838,24
838,38
838,41
839,0
839,7
839,10
839,458806286
839,18
839,21
839,23
839,24
839,38
839,41
840,0
840,7
840,10
840,458806286
840,18
840,21
840,23
840,24
840,38
840,41
841,0
841,7
841,10
841,458806286
841,18
841,21
841,23
841,24
841,38
841,41
842,0
842,7
842,10
842,458806286
842,18
842,21
842,23
842,24
842,38
842,41
843,0
843,7
843,10
843,458806286
843,18
843,21
843,23
843,24
843,38
843,41
844,0
844,7
844,10
844,458806286
844,18
844,21
844,23
844,24
844,38
844,41
845,0
845,7
845,10
845,458806286
845,18
845,21
845,23
845,24
845,38
845,41
846,0
846,7
846,10
846,458806286
846,18
846,21
846,23
846,24
846,38
846,41
847,0
847,7
847,10
847,458806286
847,18
847,21
847,23
847,24
847,38
847,41
848,0
848,7
848,10
848,458806286
848,18
848,21
848,23
848,24
848,38
848,41
849,0
849,7
849,10
849,458806286
849,18
849,21
849,23
849,24
849,38
849,41
850,0
850,7
850,10
850,458806286
850,18
850,21
850,23
850,24
850,38
850,41
851,0
851,7
851,10
851,458806286
851,18
851,21
851,23
851,24
851,38
851,41
852,0
852,7
852,10
852,458806286
852,18
852,21
852,23
852,24
852,38
852,41
854,0
854,7
854,10
854,458806286
854,18
854,21
854,23
854,24
854,38
854,41
855,0
855,7
855,10
855,458806286
855,18
855,21
855,23
855,24
855,38
855,41
856,0
856,7
856,10
856,458806286
856,18
856,21
856,23
856,24
856,38
856,41
857,0
857,7
857,10
857,458806286
857,18
857,21
857,23
857,24
857,38
857,41
858,0
858,7
858,10
858,458806286
858,18
858,21
858,23
858,24
858,38
858,41
859,0
859,7
859,10
859,458806286
859,18
859,21
859,23
859,24
859,38
859,41
860,0
860,7
860,10
860,458806286
860,18
860,21
860,23
860,24
860,38
860,41
861,0
861,7
861,10
861,458806286
861,18
861,21
861,23
861,24
861,38
861,41
862,0
862,7
862,10
862,458806286
862,18
862,21
862,23
862,24
862,38
862,41
863,0
863,7
863,10
863,458806286
863,18
863,21
863,23
863,24
863,38
863,41
864,0
864,7
864,10
864,458806286
864,18
864,21
864,23
864,24
864,38
864,41
865,0
865,7
865,10
865,458806286
865,18
865,21
865,23
865,24
865,38
865,41
866,0
866,7
866,10
866,458806286
866,18
866,21
866,23
866,24
866,38
866,41
867,0
867,7
867,10
867,458806286
867,18
867,21
867,23
867,24
867,38
867,41
868,0
868,7
868,10
868,458806286
868,18
868,21
868,23
868,24
868,38
868,41
869,0
869,7
869,10
869,458806286
869,18
869,21
869,23
869,24
869,38
869,41
870,0
870,7
870,10
870,458806286
870,18
870,21
870,23
870,24
870,38
870,41
871,0
871,7
871,10
871,458806286
871,18
871,21
871,23
871,24
871,38
871,41
872,0
872,7
872,10
872,458806286
872,18
872,21
872,23
872,24
872,38
872,41
873,0
873,7
873,10
873,458806286
873,18
873,21
873,23
873,24
873,38
873,41
874,0
874,7
874,10
874,458806286
874,18
874,21
874,23
874,24
874,38
874,41
875,0
875,7
875,10
875,458806286
875,18
875,21
875,23
875,24
875,38
875,41
876,0
876,7
876,10
876,458806286
876,18
876,21
876,23
876,24
876,38
876,41
877,0
877,7
877,10
877,458806286
877,18
877,21
877,23
877,24
877,38
877,41
878,0
878,7
878,10
878,458806286
878,18
878,21
878,23
878,24
878,38
878,41
879,0
879,7
879,10
879,458806286
879,18
879,21
879,23
879,24
879,38
879,41
880,0
880,7
880,10
880,458806286
880,18
880,21
880,23
880,24
880,38
880,41
881,0
881,7
881,10
881,458806286
881,18
881,21
881,23
881,24
881,38
881,41
882,0
882,7
882,10
882,458806286
882,18
882,21
882,23
882,24
882,38
882,41
883,0
883,7
883,10
883,458806286
883,18
883,21
883,23
883,24
883,38
883,41
884,0
884,7
884,10
884,458806286
884,18
884,21
884,23
884,24
884,38
884,41
885,0
885,7
885,10
885,458806286
885,18
885,21
885,23
885,24
885,38
885,41
886,0
886,7
886,10
886,458806286
886,18
886,21
886,23
886,24
886,38
886,41
887,0
887,7
887,10
887,458806286
887,18
887,21
887,23
887,24
887,38
887,41
888,0
888,7
888,10
888,458806286
888,18
888,21
888,23
888,24
888,38
888,41
889,0
889,7
889,10
889,458806286
889,18
889,21
889,23
889,24
889,38
889,41
890,0
890,7
890,10
890,458806286
890,18
890,21
890,23
890,24
890,38
890,41
891,0
891,7
891,10
891,458806286
891,18
891,21
891,23
891,24
891,38
891,41
892,0
892,7
892,10
892,458806286
892,18
892,21
892,23
892,24
892,38
892,41
893,0
893,7
893,10
893,458806286
893,18
893,21
893,23
893,24
893,38
893,41
894,0
894,7
894,10
894,458806286
894,18
894,21
894,23
894,24
894,38
894,41
895,0
895,7
895,10
895,458806286
895,18
895,21
895,23
895,24
895,38
895,41
896,0
896,7
896,10
896,458806286
896,18
896,21
896,23
896,24
896,38
896,41
897,0
897,7
897,10
897,458806286
897,18
897,21
897,23
897,24
897,38
897,41
898,0
898,7
898,10
898,458806286
898,18
898,21
898,23
898,24
898,38
898,41
899,0
899,7
899,10
899,458806286
899,18
899,21
899,23
899,24
899,38
899,41
901,0
901,7
901,10
901,458806286
901,18
901,21
901,23
901,24
901,38
901,41
902,0
902,7
902,10
902,458806286
902,18
902,21
902,23
902,24
902,38
902,41
903,0
903,7
903,10
903,458806286
903,18
903,21
903,23
903,24
903,38
903,41
904,0
904,7
904,10
904,458806286
904,18
904,21
904,23
904,24
904,38
904,41
906,0
906,7
906,10
906,458806286
906,18
906,21
906,23
906,24
906,38
906,41
907,0
907,7
907,10
907,458806286
907,18
907,21
907,23
907,24
907,38
907,41
908,0
908,7
908,10
908,458806286
908,18
908,21
908,23
908,24
908,38
908,41
909,0
909,7
909,10
909,458806286
909,18
909,21
909,23
909,24
909,38
909,41
910,0
910,7
910,10
910,458806286
910,18
910,21
910,23
910,24
910,38
910,41
911,0
911,7
911,10
911,458806286
911,18
911,21
911,23
911,24
911,38
911,41
912,0
912,7
912,10
912,458806286
912,18
912,21
912,23
912,24
912,38
912,41
913,0
913,7
913,10
913,458806286
913,18
913,21
913,23
913,24
913,38
913,41
914,0
914,7
914,10
914,458806286
914,18
914,21
914,23
914,24
914,38
914,41
915,0
915,7
915,10
915,458806286
915,18
915,21
915,23
915,24
915,38
915,41
916,0
916,7
916,10
916,458806286
916,18
916,21
916,23
916,24
916,38
916,41
917,0
917,7
917,10
917,458806286
917,18
917,21
917,23
917,24
917,38
917,41
918,0
918,7
918,10
918,458806286
918,18
918,21
918,23
918,24
918,38
918,41
919,0
919,7
919,10
919,458806286
919,18
919,21
919,23
919,24
919,38
919,41
920,0
920,7
920,10
920,458806286
920,18
920,21
920,23
920,24
920,38
920,41
921,0
921,7
921,10
921,458806286
921,18
921,21
921,23
921,24
921,38
921,41
922,0
922,7
922,10
922,458806286
922,18
922,21
922,23
922,24
922,38
922,41
923,0
923,7
923,10
923,458806286
923,18
923,21
923,23
923,24
923,38
923,41
924,0
924,7
924,10
924,458806286
924,18
924,21
924,23
924,24
924,38
924,41
925,0
925,7
925,10
925,458806286
925,18
925,21
925,23
925,24
925,38
925,41
926,0
926,7
926,10
926,458806286
926,18
926,21
926,23
926,24
926,38
926,41
927,0
927,7
927,10
927,458806286
927,18
927,21
927,23
927,24
927,38
927,41
928,0
928,7
928,10
928,458806286
928,18
928,21
928,23
928,24
928,38
928,41
929,0
929,7
929,10
929,458806286
929,18
929,21
929,23
929,24
929,38
929,41
930,0
930,7
930,10
930,458806286
930,18
930,21
930,23
930,24
930,38
930,41
931,0
931,7
931,10
931,458806286
931,18
931,21
931,23
931,24
931,38
931,41
933,0
933,7
933,10
933,458806286
933,18
933,21
933,23
933,24
933,38
933,41
934,0
934,7
934,10
934,458806286
934,18
934,21
934,23
934,24
934,38
934,41
935,0
935,7
935,10
935,458806286
935,18
935,21
935,23
935,24
935,38
935,41
936,0
936,7
936,10
936,458806286
936,18
936,21
936,23
936,24
936,38
936,41
937,0
937,7
937,10
937,458806286
937,18
937,21
937,23
937,24
937,38
937,41
938,0
938,7
938,10
938,458806286
938,18
938,21
938,23
938,24
938,38
938,41
939,0
939,7
939,10
939,458806286
939,18
939,21
939,23
939,24
939,38
939,41
940,0
940,7
940,10
940,458806286
940,18
940,21
940,23
940,24
940,38
940,41
941,0
941,7
941,10
941,458806286
941,18
941,21
941,23
941,24
941,38
941,41
942,0
942,7
942,10
942,458806286
942,18
942,21
942,23
942,24
942,38
942,41
943,0
943,7
943,10
943,458806286
943,18
943,21
943,23
943,24
943,38
943,41
944,0
944,7
944,10
944,458806286
944,18
944,21
944,23
944,24
944,38
944,41
945,0
945,7
945,10
945,458806286
945,18
945,21
945,23
945,24
945,38
945,41
946,0
946,7
946,10
946,458806286
946,18
946,21
946,23
946,24
946,38
946,41
947,0
947,7
947,10
947,458806286
947,18
947,21
947,23
947,24
947,38
947,41
948,0
948,7
948,10
948,458806286
948,18
948,21
948,23
948,24
948,38
948,41
949,0
949,7
949,10
949,458806286
949,18
949,21
949,23
949,24
949,38
949,41
950,0
950,7
950,10
950,458806286
950,18
950,21
950,23
950,24
950,38
950,41
951,0
951,7
951,10
951,458806286
951,18
951,21
951,23
951,24
951,38
951,41
952,0
952,7
952,10
952,458806286
952,18
952,21
952,23
952,24
952,38
952,41
953,0
953,7
953,10
953,458806286
953,18
953,21
953,23
953,24
953,38
953,41
954,0
954,7
954,10
954,458806286
954,18
954,21
954,23
954,24
954,38
954,41
955,0
955,7
955,10
955,458806286
955,18
955,21
955,23
955,24
955,38
955,41
956,0
956,7
956,10
956,458806286
956,18
956,21
956,23
956,24
956,38
956,41
957,0
957,7
957,10
957,458806286
957,18
957,21
957,23
957,24
957,38
957,41
958,0
958,7
958,10
958,458806286
958,18
958,21
958,23
958,24
958,38
958,41
959,0
959,7
959,10
959,458806286
959,18
959,21
959,23
959,24
959,38
959,41
960,0
960,7
960,10
960,458806286
960,18
960,21
960,23
960,24
960,38
960,41
961,0
961,7
961,10
961,458806286
961,18
961,21
961,23
961,24
961,38
961,41
962,0
962,7
962,10
962,458806286
962,18
962,21
962,23
962,24
962,38
962,41
963,0
963,7
963,10
963,458806286
963,18
963,21
963,23
963,24
963,38
963,41
964,0
964,7
964,10
964,458806286
964,18
964,21
964,23
964,24
964,38
964,41
965,0
965,7
965,10
965,458806286
965,18
965,21
965,23
965,24
965,38
965,41
966,0
966,7
966,10
966,458806286
966,18
966,21
966,23
966,24
966,38
966,41
967,0
967,7
967,10
967,458806286
967,18
967,21
967,23
967,24
967,38
967,41
968,0
968,7
968,10
968,458806286
968,18
968,21
968,23
968,24
968,38
968,41
969,0
969,7
969,10
969,458806286
969,18
969,21
969,23
969,24
969,38
969,41
970,0
970,7
970,10
970,458806286
970,18
970,21
970,23
970,24
970,38
970,41
971,0
971,7
971,10
971,458806286
971,18
971,21
971,23
971,24
971,38
971,41
972,0
972,7
972,10
972,458806286
972,18
972,21
972,23
972,24
972,38
972,41
973,0
973,7
973,10
973,458806286
973,18
973,21
973,23
973,24
973,38
973,41
974,0
974,7
974,10
974,458806286
974,18
974,21
974,23
974,24
974,38
974,41
975,0
975,7
975,10
975,458806286
975,18
975,21
975,23
975,24
975,38
975,41
976,0
976,7
976,10
976,458806286
976,18
976,21
976,23
976,24
976,38
976,41
977,0
977,7
977,10
977,458806286
977,18
977,21
977,23
977,24
977,38
977,41
978,0
978,7
978,10
978,458806286
978,18
978,21
978,23
978,24
978,38
978,41
979,0
979,7
979,10
979,458806286
979,18
979,21
979,23
979,24
979,38
979,41
980,0
980,7
980,10
980,458806286
980,18
980,21
980,23
980,24
980,38
980,41
981,0
981,7
981,10
981,458806286
981,18
981,21
981,23
981,24
981,38
981,41
982,0
982,7
982,10
982,458806286
982,18
982,21
982,23
982,24
982,38
982,41
983,0
983,7
983,10
983,458806286
983,18
983,21
983,23
983,24
983,38
983,41
984,0
984,7
984,10
984,458806286
984,18
984,21
984,23
984,24
984,38
984,41
985,0
985,7
985,10
985,458806286
985,18
985,21
985,23
985,24
985,38
985,41
986,0
986,7
986,10
986,458806286
986,18
986,21
986,23
986,24
986,38
986,41
987,0
987,7
987,10
987,458806286
987,18
987,21
987,23
987,24
987,38
987,41
988,0
988,7
988,10
988,458806286
988,18
988,21
988,23
988,24
988,38
988,41
989,0
989,7
989,10
989,458806286
989,18
989,21
989,23
989,24
989,38
989,41
990,0
990,7
990,10
990,458806286
990,18
990,21
990,23
990,24
990,38
990,41
991,0
991,7
991,10
991,458806286
991,18
991,21
991,23
991,24
991,38
991,41
992,0
992,7
992,10
992,458806286
992,18
992,21
992,23
992,24
992,38
992,41
993,0
993,7
993,10
993,458806286
993,18
993,21
993,23
993,24
993,38
993,41
994,0
994,7
994,10
994,458806286
994,18
994,21
994,23
994,24
994,38
994,41
995,0
995,7
995,10
995,458806286
995,18
995,21
995,23
995,24
995,38
995,41
996,0
996,7
996,10
996,458806286
996,18
996,21
996,23
996,24
996,38
996,41
997,0
997,7
997,10
997,458806286
997,18
997,21
997,23
997,24
997,38
997,41
998,0
998,7
998,10
998,458806286
998,18
998,21
998,23
998,24
998,38
998,41
999,0
999,7
999,10
999,458806286
999,18
999,21
999,23
999,24
999,38
999,41
